{
  "total_records_simulated": 480643,
  "mape_by_tier": {
    "<200K": 20.381041973674183,
    "200K-500K": 19.717837770588584,
    "500K-2M": 22.626897116947895,
    "2M-10M": 20.899833924916777,
    ">10M": 15.563962876094214
  }
}