{
    "MAE": 2216565.388166001,
    "MAPE": 0.49815331181484973,
    "RMSE": 5579546.616278999,
    "R2_log": 0.7357071135297741
}