{
    "MAE": 2377153.5884665716,
    "MAPE": 0.506361433528627,
    "RMSE": 5932344.709995654,
    "R2_log": 0.7006073654347791,
    "R2_real": 0.7086351001100901
}