{
    "MAE": 2206100.3165905196,
    "MAPE": 0.49987000508744545,
    "RMSE": 5537539.706306478,
    "R2_log": 0.7365621051110129
}