{
    "MAE_P50": 3189622.1464919583,
    "MAPE_P50": 55.97941015254095,
    "RMSE_P50": 6396619.747356424,
    "R2_P50": 0.730626527824561,
    "Coverage_P15_P85": 62.89517470881864
}