{
    "MAE_P50": 3559017.27311504,
    "MAPE_P50": 57.73539848560429,
    "RMSE_P50": 7266211.952005828,
    "R2_P50": 0.6502122658406355,
    "Coverage_P15_P85": 54.004903964037595
}