{
    "MAE_P50": 3750561.102293625,
    "MAPE_P50": 56.859618368605034,
    "RMSE_P50": 7779909.703200535,
    "R2_real": 0.5990062854035991,
    "R2_log": 0.6724286439004266,
    "Coverage_P15_P85": 53.92317123007765
}